workload,num_nodes,bottleneck,model_params_m,throughput_tput_per_sec,power_kw,epoch_time_sec,energy_total_mj,energy_per_flop_nj,energy_per_step_mj,speedup,comm_overhead_pct
ResNet-50,1,compute,26.0,1380.1829771244877,2.9736789127752945,23.185331604849747,68.94573167904427,0.04143373298019488,6.894573167904428e-05,0.9642433402912282,-0.8851354835798456
ResNet-50,1,compute,26.0,1448.2774993477426,3.1244532013917357,22.095213116555193,69.03545935745355,0.04148765586385429,6.903545935745354e-05,1.011816517654192,3.9831994070610515
ResNet-50,1,compute,26.0,1451.4621681299054,3.158100589026291,22.046733771386872,69.6258029095227,0.04184242963312663,6.962580290952271e-05,1.0140414368968793,5.006192316218677
ResNet-50,1,compute,26.0,1365.0731289254898,2.810668436374543,23.441967556118136,65.88759829649733,0.03959591243779888,6.588759829649732e-05,0.9536870801864631,-6.736175678895596
ResNet-50,1,compute,26.0,1436.7980867924337,3.0110853631630916,22.271744578556685,67.06212411259898,0.04030175727920612,6.706212411259897e-05,1.003796604866995,0.36815174019001023
ResNet-50,2,compute,26.0,2829.663167856817,6.271279692887915,11.308766486237568,70.92043761675306,0.04262045529852949,7.092043761675306e-05,1.9769000995490582,4.325746995394986
ResNet-50,2,compute,26.0,2849.7915968593347,6.040709735533387,11.228891275862484,67.83047284934842,0.040763505318118044,6.783047284934841e-05,1.9909625129666177,0.6739230540067016
ResNet-50,2,compute,26.0,2806.790388529183,5.974579590249529,11.400922609247166,68.11571953122252,0.04093492760289815,6.811571953122252e-05,1.960920388520763,-0.4254761254157072
ResNet-50,2,compute,26.0,2911.0639771623646,5.98304298142807,10.992544393061685,65.7688655789442,0.03952455864119243,6.57688655789442e-05,2.033769507133493,-0.2834179634772224
ResNet-50,2,compute,26.0,2889.932698274555,6.141723089183966,11.072922223796324,68.00682208662815,0.04086948442706018,6.800682208662814e-05,2.0190064682631985,2.3075460603808526
ResNet-50,4,compute,26.0,5667.674485039437,12.532656818949878,5.646054671006275,70.7600655727506,0.04252407786823954,7.07600655727506e-05,3.959632503600186,4.250150839082098
ResNet-50,4,compute,26.0,5665.022466608819,12.341896714081699,5.648697809870427,69.71564493848031,0.041896421237067494,6.971564493848031e-05,3.9577797122294496,2.7702120832983956
ResNet-50,4,compute,26.0,5731.430032898928,12.251015100566413,5.583248825566585,68.40046567223594,0.041106049081872556,6.840046567223593e-05,4.00417432410446,2.048933076205312
ResNet-50,4,compute,26.0,5864.906910109944,11.962184167304429,5.4561820827604794,65.26785492432751,0.03922347050740836,6.526785492432751e-05,4.097425865433956,-0.3161281599302845
ResNet-50,4,compute,26.0,5755.463378891202,11.789403671190124,5.559934603591352,65.5483134271569,0.03939201528074333,6.554831342715689e-05,4.020964846956906,-1.7863187543956291
ResNet-50,8,compute,26.0,11742.922772573207,23.78008158937826,2.7250455972289336,64.80180663688004,0.03894339341158656,6.480180663688006e-05,8.204010096254521,-0.9248009086729578
ResNet-50,8,compute,26.0,11001.646650743814,24.385169085701182,2.9086554963875795,70.92805609146524,0.042625033708813244,7.092805609146522e-05,7.686129079289601,1.5795218985257535
ResNet-50,8,compute,26.0,11751.047945956798,24.018538497508395,2.7231613850244134,65.40635656113714,0.03930670466414492,6.540635656113715e-05,8.209686622087466,0.07718411971785041
ResNet-50,8,compute,26.0,11314.444386154253,24.075867325472327,2.8282431649192725,68.09240720277036,0.04092091779012642,6.809240720277035e-05,7.904660345235282,0.3151177253417541
ResNet-50,8,compute,26.0,11316.36208164169,23.809299494190153,2.82776388464213,67.32707722829905,0.04046098391123741,6.732707722829903e-05,7.906000113319018,-0.8009496703436443
ResNet-50,16,compute,26.0,22965.30104754564,47.58049654481762,1.3934065107071576,66.29897366822829,0.0398431332140795,6.629897366822829e-05,16.04434988686411,-0.8816710325568703
ResNet-50,16,compute,26.0,22287.562001626527,49.11627279721008,1.4357783950377645,70.5200833270153,0.042379857768639,7.05200833270153e-05,15.570858058378903,2.2727147921401043
ResNet-50,16,compute,26.0,22799.70295892182,49.060736976700525,1.4035270572451906,68.85807179518879,0.04138105276153173,6.88580717951888e-05,15.928657361476535,2.162089365278554
ResNet-50,16,compute,26.0,23193.810571670587,50.160501320962844,1.3796784233068404,69.2053613747867,0.04158976044157855,6.920536137478669e-05,16.20399450680404,4.307176491595265
ResNet-50,16,compute,26.0,23146.17977272405,47.77230546088287,1.3825175607470863,66.04605121704449,0.039691136548704625,6.60460512170445e-05,16.170717990981018,-0.47662455667661435
ResNet-50,32,compute,26.0,45309.71486373024,96.74551404282704,0.7062503062806853,68.32654892402894,0.04106162795915201,6.832654892402894e-05,31.654926580003533,0.7705928798900356
ResNet-50,32,compute,26.0,47140.48206744267,99.49113656639133,0.6788220781072716,67.53678007725212,0.04058700725796401,6.753678007725211e-05,32.933963572244366,3.5089925463477503
ResNet-50,32,compute,26.0,45118.37191810998,97.36900922265777,0.7092454501257298,69.05852677442024,0.04150151849424293,6.905852677442024e-05,31.52124781125764,1.4060009787376966
ResNet-50,32,compute,26.0,46438.00147979306,99.77576136076631,0.6890908088265688,68.75456009737717,0.04131884621236608,6.875456009737717e-05,32.44318645098452,3.784247104979757
ResNet-50,32,compute,26.0,48105.5861994335,94.41042027040731,0.6652034104175794,62.8021335428319,0.03774166679256725,6.28021335428319e-05,33.6082185423343,-1.6836909792794714
ResNet-50,64,compute,26.0,91736.94737909203,188.9987342265273,0.34882346659916424,65.92719365575137,0.03961970772581212,6.592719365575137e-05,64.09058946171731,-1.5879819437708496
ResNet-50,64,compute,26.0,92829.41076065696,185.92247825243035,0.34471833590009454,64.09088730959931,0.038516158238941896,6.409088730959932e-05,64.85382198787171,-3.2688472123946655
ResNet-50,64,compute,26.0,89934.85718104907,194.63438644184805,0.3558130963123716,69.25346368873264,0.04161866808217106,6.925346368873264e-05,62.831587212836304,1.3535051488114822
ResNet-50,64,compute,26.0,90972.926398959,194.7957680801224,0.35175300242255564,68.51999628139087,0.04117788238064356,6.851999628139088e-05,63.55681810375512,1.4352303993444349
ResNet-50,64,compute,26.0,90479.48718176613,186.4776893464924,0.3536713237080415,65.95181123319092,0.03963450194302339,6.595181123319093e-05,63.21208448009601,-2.961378743409157
ResNet-101,1,compute,45.0,1641.7693233314583,3.190837006093354,19.491166965567363,62.19313684567664,0.021594839182526613,6.219313684567666e-05,0.9873772909378573,5.98078202455731
ResNet-101,1,compute,45.0,1671.8967664134532,2.9431588335881034,19.139937729915154,56.33187680412602,0.01955967944587709,5.633187680412602e-05,1.0054962512025198,-1.9312979565768003
ResNet-101,1,compute,45.0,1637.9614204732995,2.9114307358571647,19.536479675298697,56.87910739711343,0.019749690068442162,5.687910739711343e-05,0.9850871782193337,-3.042121629479854
ResNet-101,1,compute,45.0,1631.3836573347235,3.0278393024140295,19.615251051539936,59.391828060570745,0.02062216252103151,5.9391828060570736e-05,0.981131242476169,0.9194445158246635
ResNet-101,1,compute,45.0,1655.313718624978,3.019603877769054,19.33168295528988,58.374024815595256,0.02026875861652613,5.8374024815595244e-05,0.9955230323293274,0.6492201812754882
ResNet-101,2,compute,45.0,3335.9991887679416,5.89337418693724,9.592328471703947,56.53118100776319,0.01962888229436222,5.6531181007763186e-05,2.0063049021361046,-1.809248991844066
ResNet-101,2,compute,45.0,3378.3517096926826,6.19177259333081,9.472074771904353,58.64893297465756,0.020364212838422765,5.864893297465756e-05,2.031776152439529,3.097216353477983
ResNet-101,2,compute,45.0,3255.043427006889,6.032432673744171,9.830898025660128,59.30423046223921,0.020591746688277505,5.930423046223921e-05,1.957617257899192,0.5376383873347167
ResNet-101,2,compute,45.0,3324.8823664146385,5.947468851128965,9.624400647445148,57.240823061465456,0.01987528578523106,5.724082306146546e-05,1.9996191285727585,-0.8832521898969359
ResNet-101,2,compute,45.0,3298.6691764664224,6.007515725695219,9.700881867237992,58.278200370543836,0.020235486239772164,5.827820037054384e-05,1.9838542411978446,0.1251053852938426
ResNet-101,4,compute,45.0,6520.977631920351,12.51516104314195,4.907239651208001,61.41489451215986,0.021324616150055507,6.141489451215986e-05,3.921784343860573,4.116295758129674
ResNet-101,4,compute,45.0,6616.796318751669,11.978310605250591,4.836177276503676,57.9292335600159,0.020114317208338856,5.792923356001591e-05,3.9794107071262417,-0.18107223517731458
ResNet-101,4,compute,45.0,6464.621579915007,12.241747955509076,4.950019054389989,60.59688563880963,0.021040585291253345,6.059688563880962e-05,3.8878912230876277,1.9747829835059147
ResNet-101,4,compute,45.0,6772.088279612099,12.15820188784067,4.725278035187241,57.45088432798557,0.01994822372499499,5.745088432798556e-05,4.072804921185291,1.301194776169056
ResNet-101,4,compute,45.0,6707.933289543646,11.788776958156534,4.7704708169775225,56.2380164467428,0.019527089044007916,5.62380164467428e-05,4.034221437261134,-1.7917299020346882
ResNet-101,8,compute,45.0,13932.163746176295,24.44756579160075,2.296843518565625,56.15223303314487,0.019497303136508635,5.615223303314488e-05,8.378949406051795,1.8307171986607969
ResNet-101,8,compute,45.0,13642.524179002858,26.11762922892213,2.345606984464872,61.26169353702364,0.021271421367022095,6.126169353702364e-05,8.204757132435786,8.108045375638882
ResNet-101,8,compute,45.0,12886.27360634978,23.954202700278366,2.4832624991162557,59.48457326183061,0.020654365715913406,5.948457326183061e-05,7.74994010602114,-0.19118690901410085
ResNet-101,8,compute,45.0,13370.898296881736,24.87630127789189,2.3932573032481153,59.535389711115194,0.020672010316359443,5.953538971111519e-05,8.041398477948848,3.5226349291350583
ResNet-101,8,compute,45.0,13693.097187915424,25.539559087826635,2.336943903986965,59.68451692081135,0.02072379059750394,5.9684516920811345e-05,8.235172270436623,6.02813495147793
ResNet-101,16,compute,45.0,26813.141441049833,49.56989052498142,1.193444642447203,59.15892027373344,0.020541291761713,5.9158920273733444e-05,16.125704495364346,3.167024393951909
ResNet-101,16,compute,45.0,26550.047847257618,49.134674429524,1.2052708975929516,59.22059315260983,0.020562705955767303,5.922059315260984e-05,15.9674772485703,2.3093150462439924
ResNet-101,16,compute,45.0,26290.061983782518,50.55002049494669,1.2171899792301653,61.5289783963286,0.02136422860983632,6.152897839632859e-05,15.811119023384752,5.044548884409671
ResNet-101,16,compute,45.0,27051.967057114514,48.88844943772793,1.1829084344380119,57.83055918648465,0.020080055273084946,5.7830559186484653e-05,16.26933672581558,1.817299276099149
ResNet-101,16,compute,45.0,25961.70769077876,45.21363960299569,1.2325845580399148,55.72963398743443,0.019350567356748068,5.572963398743444e-05,15.613643307590536,-6.162654503088697
ResNet-101,32,compute,45.0,52958.93917845858,97.08741567822898,0.6042417105857782,58.664266125765586,0.02036953684922416,5.8664266125765575e-05,31.85006148784778,1.1200377212974084
ResNet-101,32,compute,45.0,53013.399667312086,94.21908083125493,0.6036209750896453,56.872613443412206,0.019747435223407016,5.687261344341221e-05,31.882814597059376,-1.8901894956231569
ResNet-101,32,compute,45.0,53897.22568639597,97.46827044920737,0.5937225820526235,57.86911319930681,0.020093442083092643,5.786911319930682e-05,32.41435683504724,1.506408641951343
ResNet-101,32,compute,45.0,53216.41414794843,100.78212591158876,0.6013182307067122,60.602129640017644,0.021042406125006127,6.060212964001765e-05,32.004909635054794,4.7450139281482215
ResNet-101,32,compute,45.0,54975.07570189129,98.07087173378659,0.5820819633523326,57.08528556647728,0.01982127971058239,5.708528556647728e-05,33.06258713951995,2.1116073480084596
ResNet-101,64,compute,45.0,103046.57011649186,186.39436922443193,0.3105392053692298,57.882759304253916,0.020098180313977053,5.788275930425391e-05,61.973288083857156,-3.007403495552218
ResNet-101,64,compute,45.0,109315.45117219309,192.941422422278,0.29273080481178987,56.479897867204954,0.019611075648335054,5.647989786720496e-05,65.74345890263562,0.48793173101915915
ResNet-101,64,compute,45.0,107873.21612530835,199.8186684770107,0.29664453466213486,59.27511592717023,0.020581637474711888,5.927511592717024e-05,64.87608361839102,3.912881882660652
ResNet-101,64,compute,45.0,104850.88557109388,191.85421789867414,0.3051953240614499,58.55301020414188,0.020330906320882598,5.855301020414187e-05,63.05842232302492,-0.07598587246221353
ResNet-101,64,compute,45.0,104593.97491388257,199.87095062999734,0.30594496505508273,61.14951100602071,0.021232469099312746,6.114951100602071e-05,62.90391355914107,3.9380163076164596
ResNet-152,1,compute,60.0,1782.297838089149,3.0785173062588362,17.95435045486454,55.272778597936686,0.014393952759879345,5.5272778597936695e-05,0.9983017160962867,2.5504909814606265
ResNet-152,1,compute,60.0,1824.9775718081385,3.225367076396279,17.534462063714713,56.555076642625,0.01472788454235026,5.655507664262499e-05,1.02220751371532,6.987331086918729
ResNet-152,1,compute,60.0,1829.4307663791644,2.850848917833982,17.491779731754953,49.86642131926399,0.012986047218558332,4.986642131926399e-05,1.0247018396845036,-5.231812925370307
ResNet-152,1,compute,60.0,1836.4491385227564,3.0071379748303357,17.424931259321927,52.39917249871515,0.01364561783820707,5.2399172498715145e-05,1.0286329744283251,0.23736771940896606
ResNet-152,1,compute,60.0,1739.380073062405,3.1675251014620773,18.397359206064625,58.27409708582413,0.015175546116100034,5.827409708582414e-05,0.9742625922407862,5.288832640497482
ResNet-152,2,compute,60.0,3566.0129119355497,6.304875909739287,8.97360744065033,56.57748137601347,0.014733719108336842,5.657748137601348e-05,1.9973972551206727,4.835557655755568
ResNet-152,2,compute,60.0,3535.8051758133665,6.070878158366806,9.050272401572242,54.94310104997483,0.014308099231764277,5.494310104997483e-05,1.980477280150333,1.167510803509093
ResNet-152,2,compute,60.0,3606.3051758314614,5.994960813028387,8.873347772799665,53.1953721783067,0.013852961504767369,5.31953721783067e-05,2.0199657817345065,-0.0840570460554478
ResNet-152,2,compute,60.0,3547.103241352698,5.982367366418872,9.02144590181049,53.969603560904346,0.014054584260652174,5.3969603560904344e-05,1.9868055592827227,-0.29474341011062005
ResNet-152,2,compute,60.0,3595.1361724815747,6.104437709272865,8.900914587029876,54.33507865208209,0.014149760065646378,5.433507865208209e-05,2.0137097929917767,1.710848963438852
ResNet-152,4,compute,60.0,7330.596052858815,12.08517071609685,4.365265766829494,52.754982013267856,0.01373827656595517,5.275498201326786e-05,4.106017783999339,0.7047539343685558
ResNet-152,4,compute,60.0,7080.224877771456,11.932428653583964,4.519630457002122,53.9301679687429,0.014044314575193463,5.3930167968742905e-05,3.965779733764857,-0.5662832636819577
ResNet-152,4,compute,60.0,7213.108194359074,12.155149399329508,4.43636767087803,53.92471182987793,0.014042893705697378,5.392471182987794e-05,4.0402104154135605,1.2764088225691912
ResNet-152,4,compute,60.0,7077.191667982889,12.132500057090663,4.521567523000335,54.85791823094085,0.01428591620597418,5.485791823094085e-05,3.9640807705093932,1.0921084398695338
ResNet-152,4,compute,60.0,7171.787787033297,12.31017759054291,4.461927897233169,54.927124811138,0.01430393875290052,5.4927124811138005e-05,4.017066004495492,2.5196841252818225
ResNet-152,8,compute,60.0,14690.66787664058,24.429547709026266,2.1782535871553352,53.213749929768866,0.013857747377543975,5.321374992976887e-05,8.228545554189981,1.7583121641976063
ResNet-152,8,compute,60.0,14306.331149360027,24.37840829844765,2.236771934461441,54.5289394888096,0.014200244658544166,5.45289394888096e-05,8.013270639861204,1.5522272570672513
ResNet-152,8,compute,60.0,14851.326060710622,24.24394091948577,2.1546897475139555,52.238170938550056,0.013603690348580744,5.223817093855005e-05,8.318533510991854,1.0061933424763672
ResNet-152,8,compute,60.0,13916.4941109797,23.35003826595072,2.2994297087190194,53.69177168845302,0.013982232210534639,5.369177168845302e-05,7.794914888035673,-2.783557468499152
ResNet-152,8,compute,60.0,13576.526382929915,23.475540917045755,2.3570093776147596,55.33207008605584,0.014409393251577042,5.533207008605584e-05,7.604491963720551,-2.2340660213432235
ResNet-152,16,compute,60.0,28566.054211840958,48.82102341881437,1.1202107145317826,54.689833528162936,0.014242144147959098,5.468983352816294e-05,16.000435130614775,1.6817005489032186
ResNet-152,16,compute,60.0,28733.97978958312,47.868997817089706,1.1136640393824215,53.309981470168445,0.013882807674523033,5.330998147016844e-05,16.094493704245878,-0.2736681127331322
ResNet-152,16,compute,60.0,29346.751384969997,47.515896279675424,1.0904103006232189,51.81182274670257,0.01349266217362046,5.181182274670256e-05,16.43771969160702,-1.0188247686104324
ResNet-152,16,compute,60.0,29308.297284331693,48.572551559474014,1.0918409790086065,53.03350224764213,0.013810807876990138,5.303350224764212e-05,16.41618075808101,1.1787553692190977
ResNet-152,16,compute,60.0,28290.974159968016,48.04207618811873,1.1311027969224294,54.34052674634154,0.014151178840193108,5.4340526746341543e-05,15.846357129744263,0.08758195202465738
ResNet-152,32,compute,60.0,57488.32505872266,99.73148729230563,0.556634759619678,55.51401245546552,0.014456774076944146,5.5514012455465516e-05,32.20039453291047,3.741533785983674
ResNet-152,32,compute,60.0,58315.561447643544,98.33489508231317,0.5487386077681857,53.96015342249914,0.01405212328710915,5.3960153422499136e-05,32.663746666896344,2.374431864048563
ResNet-152,32,compute,60.0,58121.909535208826,96.30284096523064,0.5505669076583793,53.02115734894374,0.013807593059620765,5.3021157348943736e-05,32.55527824350636,0.3144673222464765
ResNet-152,32,compute,60.0,57262.17792757475,100.9349641476432,0.5588330929444149,56.40579820086108,0.014689009948140905,5.640579820086108e-05,32.07372486845234,4.889251399965381
ResNet-152,32,compute,60.0,56414.8846279186,98.02543721437303,0.5672261888162019,55.6025951581507,0.014479842489101745,5.5602595158150695e-05,31.599138445797813,2.0662363483710604
ResNet-152,64,compute,60.0,112369.83275391185,201.06475221997815,0.28477393990680305,57.2580016660683,0.014910937933871955,5.72580016660683e-05,62.94065698691142,4.50837460066631
ResNet-152,64,compute,60.0,114664.15825223175,184.41972323797225,0.27907587242395493,51.46709515482142,0.013402889363234746,5.1467095154821414e-05,64.22575593800023,-4.110339517344511
ResNet-152,64,compute,60.0,114904.32250577408,199.82612383481208,0.278492569314718,55.65009064295783,0.014492211104936934,5.5650090642957825e-05,64.36027688131986,3.916466818563528
ResNet-152,64,compute,60.0,113990.5203834618,198.56679402001652,0.2807250979498352,55.742682700853884,0.014516323620014033,5.574268270085389e-05,63.84843749769876,3.3070957570854222
ResNet-152,64,compute,60.0,113815.13872221482,195.0092264339301,0.28115767690712423,54.82834107961916,0.01427821382281749,5.4828341079619156e-05,63.750202618178065,1.543120030246183
BERT-base,1,memory,110.0,2096.8354872725254,3.123772391034058,15.26109234331218,47.672178919059846,0.006771616323730092,4.767217891905984e-05,1.0251855130070588,3.962273032097758
BERT-base,1,memory,110.0,2116.193980881223,3.2579303950346707,15.121487108036568,49.26475246739726,0.006997834157300747,4.9264752467397265e-05,1.0346502742254469,7.917001401496359
BERT-base,1,memory,110.0,2030.0773089720085,3.2727778071687434,15.76294649399543,51.5886214611366,0.0073279291848205395,5.15886214611366e-05,0.9925460819768948,8.334748743750545
BERT-base,1,memory,110.0,2036.1321700417227,3.217068609096156,15.716072105154296,50.55968222778363,0.007181773043719266,5.0559682227783626e-05,0.9955064266914034,6.747403784998605
BERT-base,1,memory,110.0,2049.722505729034,3.045174692246897,15.611869367955453,47.540869497962504,0.00675296441732422,4.7540869497962504e-05,1.0021510181951734,1.483484424125586
BERT-base,2,memory,110.0,4792.928193742433,6.211858024006459,6.676503111767596,41.473489427137636,0.005891120657263869,4.147348942713764e-05,2.343360067555556,3.4105419535943833
BERT-base,2,memory,110.0,5034.451887071422,6.5907433025598925,6.356203359928153,41.89210472415516,0.005950583057408403,4.189210472415516e-05,2.461445913084103,8.963227293808325
BERT-base,2,memory,110.0,4964.777060580588,6.452340245705996,6.445405223544494,41.58794752375979,0.0059073789096249696,4.158794752375979e-05,2.4273804734379074,7.010483459966744
BERT-base,2,memory,110.0,4930.725229824097,6.351203726885496,6.489917508776207,41.218788268918885,0.005854941515471433,4.121878826891888e-05,2.410731840870013,5.529719120783409
BERT-base,2,memory,110.0,4822.524672438433,6.590736700234644,6.635528519508789,43.73302133898023,0.00621207689474151,4.373302133898022e-05,2.3578303878927174,8.963136096964892
BERT-base,4,memory,110.0,8005.368065849967,12.908400140025513,3.9973177668755207,51.59897722166244,0.007329400173531596,5.159897722166244e-05,3.9139872523208896,7.037279059926305
BERT-base,4,memory,110.0,7889.247102780989,13.036973204888225,4.056153848789941,52.8799690415787,0.0075113592388606105,5.28799690415787e-05,3.8572133519279723,7.954094777915254
BERT-base,4,memory,110.0,7909.263930192458,12.158381756079516,4.045888502701835,49.19145695838186,0.006987422863406515,4.9191456958381863e-05,3.86699998593105,1.3026549030698156
BERT-base,4,memory,110.0,7664.512304863043,13.313471209451134,4.175086258221071,55.584890695801285,0.0078955810647445,5.558489069580129e-05,3.7473359388011396,9.865730648207737
BERT-base,4,memory,110.0,7717.130598991826,12.641633972847952,4.146618952409658,52.420039021237116,0.00744602827006209,5.242003902123711e-05,3.773062092897349,5.075562021698074
BERT-base,8,memory,110.0,10574.32163838555,26.394498866753256,3.026198851738885,79.875002162792,0.011345880989032955,7.9875002162792e-05,5.170000898664196,9.071961846448952
BERT-base,8,memory,110.0,10449.252477237837,25.50290898760409,3.062420021882647,78.10061909988968,0.01109383794032524,7.810061909988968e-05,5.108852042251353,5.893088464279084
BERT-base,8,memory,110.0,10314.09856509963,25.945699752540353,3.102549369489266,80.49781440820188,0.011434348637528676,8.049781440820187e-05,5.042772545985984,7.499122286535551
BERT-base,8,memory,110.0,10812.344969331436,26.178334170703106,2.959580006998118,77.47687442812857,0.011005237844904626,7.747687442812858e-05,5.2863753458368805,8.321133638598518
BERT-base,8,memory,110.0,10916.154971545486,27.143932229470646,2.931435114599652,79.57067608578348,0.011302652853094244,7.957067608578347e-05,5.337130167100187,11.582449450920835
BERT-base,16,memory,110.0,13402.602435866165,49.81325590138618,2.3875960025767897,118.9339306654843,0.016894024242256292,0.00011893393066548432,6.552804899213014,3.6401071734315598
BERT-base,16,memory,110.0,13438.918645594234,50.70611161894303,2.3811439628359357,120.73855156033126,0.017150362437547053,0.00012073855156033128,6.57056063271072,5.336854932359011
BERT-base,16,memory,110.0,13532.825482289038,51.913129780911014,2.364620754319171,122.75486410160684,0.017436770468978246,0.00012275486410160682,6.61647359495129,7.537842155588762
BERT-base,16,memory,110.0,13509.312517285021,50.8417253942139,2.368736377891646,120.43064445605197,0.017106625632961926,0.00012043064445605196,6.604977628178372,5.589356718679159
BERT-base,16,memory,110.0,13070.20457094274,49.95089344261052,2.4483166905544365,122.2956061236495,0.017371534960745668,0.0001222956061236495,6.390288823086684,3.905622718944833
BERT-base,32,memory,110.0,16311.699761138561,106.37030362212367,1.9617820624823952,208.67535362668838,0.029641385458336417,0.0002086753536266884,7.975121743762501,9.749246988110299
BERT-base,32,memory,110.0,16017.927760206949,107.03890535065035,1.9977615381371006,213.8382081938268,0.03037474548207767,0.00021383820819382678,7.831490638074789,10.312984157010796
BERT-base,32,memory,110.0,15921.232425045544,98.98125089114902,2.0098946580078243,198.9418874090526,0.028258790825149517,0.0001989418874090526,7.7842143222242886,3.0119349516278975
BERT-base,32,memory,110.0,16173.40985532786,103.60694031131607,1.9785561787057866,204.99215190975605,0.029118203396272167,0.00020499215190975602,7.907508996414041,7.342114619405692
BERT-base,32,memory,110.0,16118.050718478647,99.44850431840756,1.9853517375592686,197.4402608462209,0.028045491597474558,0.00019744026084622088,7.880442788571379,3.4676281378414378
BERT-base,64,memory,110.0,19384.946494490738,207.57704990688697,1.6507654539616345,342.6610230215592,0.04867344077010784,0.0003426610230215592,9.477694572223712,7.504225497893135
BERT-base,64,memory,110.0,19397.2740640324,220.0652890431815,1.649716341294385,363.04530348620864,0.051568935154291,0.0003630453034862087,9.483721771678038,12.753164829040577
BERT-base,64,memory,110.0,19246.77584279603,209.2218941489752,1.662616131728756,347.8556963229324,0.04941132050041653,0.0003478556963229324,9.410140130637828,8.23140150748872
BERT-base,64,memory,110.0,19299.639453583746,215.41878805551892,1.6580620626080105,357.17772004785155,0.05073547159770619,0.00035717772004785156,9.435986225037587,10.871283914884572
BERT-base,64,memory,110.0,18431.061062690904,198.84887756601972,1.7361995541741237,345.24133257814833,0.04903996201394152,0.0003452413325781484,9.011320585477762,3.4442626228784374
BERT-large,1,memory,340.0,2489.6765346728785,3.2408238370455726,12.853075310927697,41.65455284699642,0.0019142717301009382,4.165455284699642e-05,0.9829917007835735,7.430945005178515
BERT-large,1,memory,340.0,2471.34378094305,3.092725239084652,12.948421116785697,40.04590879417981,0.0018403450732619397,4.0045908794179796e-05,0.9757534332745381,2.9981725473969205
BERT-large,1,memory,340.0,2591.019988543959,3.1641064988673926,12.350348566003388,39.0778181609689,0.001795855614015115,3.9077818160968904e-05,1.0230048401198062,5.186503644113601
BERT-large,1,memory,340.0,2418.512602897791,3.2503013400079985,13.231272792070024,43.005623686076575,0.0019763613826321957,4.300562368607657e-05,0.9548942538438525,7.700865668270087
BERT-large,1,memory,340.0,2481.265522589928,3.1997231674918494,12.896644759968542,41.265693021383704,0.0018964013337032953,4.126569302138371e-05,0.9796708054955368,6.241888970926362
BERT-large,2,memory,340.0,6185.141469184121,6.597231859903334,5.173689261503845,34.13202762923292,0.001568567446196366,3.413202762923292e-05,2.4420613070441135,9.052764440995183
BERT-large,2,memory,340.0,6019.644282311803,6.326169626081899,5.315928732538099,33.62946688219857,0.001545471823630449,3.362946688219857e-05,2.3767185370364863,5.155878602071438
BERT-large,2,memory,340.0,6111.715280845603,6.114900298239027,5.235845998960303,32.01667626057598,0.0014713546075632343,3.201667626057598e-05,2.4130706599653684,1.8790216133551005
BERT-large,2,memory,340.0,5983.2863278769755,6.4385878150305755,5.348231431096233,34.435057724219746,0.001582493461590981,3.443505772421974e-05,2.3623634322792335,6.81186352707209
BERT-large,2,memory,340.0,6194.06769642393,6.385087826551563,5.166233494424804,32.986854594374755,0.0015159400089326633,3.298685459437476e-05,2.4455856232248876,6.031049799350053
BERT-large,4,memory,340.0,9842.00642635055,13.028444367849339,3.2513695494370562,42.36028729416007,0.001946704379327209,4.236028729416006e-05,3.885890597202558,7.89383857974065
BERT-large,4,memory,340.0,9417.16445422875,12.371457878836432,3.3980504594066523,42.03883812871019,0.0019319318992973432,4.2038838128710185e-05,3.7181514845410306,3.0025392518360903
BERT-large,4,memory,340.0,9216.77729181201,13.212912009139513,3.4719293942827636,45.874297588603206,0.002108193823005662,4.58742975886032e-05,3.6390332075857845,9.179747873145066
BERT-large,4,memory,340.0,9687.131728569886,12.44880014158302,3.303351383735562,41.122761173545726,0.0018898327745195645,4.1122761173545726e-05,3.824741873478992,3.605167859381739
BERT-large,4,memory,340.0,9595.215233812598,12.661491164004628,3.3349955389468637,42.226016548370566,0.001940533848730265,4.222601654837057e-05,3.7884507528240743,5.22443332650409
BERT-large,8,memory,340.0,12727.13480468572,25.49153094378237,2.514312961328785,64.0936866560658,0.0029454819235324356,6.409368665606581e-05,5.025017392230682,5.851084217231635
BERT-large,8,memory,340.0,13007.389551538032,25.352706238454534,2.460140051407642,62.371208028794385,0.002866323898382095,6.237120802879438e-05,5.135669553836575,5.335549687404861
BERT-large,8,memory,340.0,13178.660908943135,26.060233832654554,2.4281677949756313,63.278620521986156,0.002908024840164805,6.327862052198614e-05,5.20329212269903,7.905661345497964
BERT-large,8,memory,340.0,13180.322044204564,24.546324410042633,2.427861769437608,59.59508261535565,0.0027387446054850943,5.959508261535565e-05,5.203947983873412,2.225687239019441
BERT-large,8,memory,340.0,13321.58881915552,26.403524519573565,2.4021158762974446,63.42432543867652,0.0029147208381744725,6.342432543867652e-05,5.259723931246229,9.10304424620196
BERT-large,16,memory,340.0,15926.67966218917,51.360178804942,2.0092072345731795,103.19324282386155,0.004742336526831873,0.00010319324282386154,6.288284325669444,6.542381438552697
BERT-large,16,memory,340.0,16703.256028782835,53.59275103025164,1.9157941388707695,102.67267830971649,0.004718413525262706,0.00010267267830971648,6.594897700039595,10.435648334407551
BERT-large,16,memory,340.0,16800.690600084283,52.8922746916559,1.904683608651151,100.74304862947112,0.004629735690692607,0.0001007430486294711,6.633367506709204,9.249507078635224
BERT-large,16,memory,340.0,16533.07308912906,53.85201311255094,1.9355143370799506,104.23134345995986,0.00479004335753492,0.00010423134345995984,6.527704867972921,10.866841877053341
BERT-large,16,memory,340.0,16302.297828285735,53.37121274096466,1.9629134700555861,104.76307240244185,0.004814479430259276,0.00010476307240244186,6.436588547038902,10.06387613306382
BERT-large,32,memory,340.0,19541.738887548443,103.25414228570601,1.6375206006047742,169.0807850906201,0.007770256667767469,0.00016908078509062012,7.715607581072246,7.0255218097049035
BERT-large,32,memory,340.0,19840.705656950486,105.72710257293748,1.612845861094156,170.52151979023952,0.007836466902124977,0.00017052151979023953,7.8336477557855035,9.200197807584003
BERT-large,32,memory,340.0,19490.537169545423,109.19790685624942,1.6418223736799313,179.28356663560746,0.008239134496121667,0.0001792835666356075,7.69539175658184,12.086226958199335
BERT-large,32,memory,340.0,19728.202625891827,101.17552163890588,1.6220433562458616,164.1110826890967,0.007541869608873928,0.0001641110826890967,7.7892285132439465,5.115389132736322
BERT-large,32,memory,340.0,20034.538235583033,103.77007613125765,1.5972417044863703,165.74589327457036,0.0076169987718092995,0.00016574589327457038,7.910178105605549,7.487781083854432
BERT-large,64,memory,340.0,24216.397278568704,218.80152308398254,1.3214186913063124,289.1284222894641,0.013287151759626107,0.0002891284222894641,9.561289274407148,12.249239724759741
BERT-large,64,memory,340.0,23848.490068414467,204.42806043424713,1.3418040265107432,274.30239462245436,0.012605808576399556,0.0002743023946224543,9.416029547208261,6.079429804229116
BERT-large,64,memory,340.0,23680.23232754024,205.5535742969856,1.3513380931986814,277.77237514066195,0.012765274592861304,0.000277772375140662,9.349596835742116,6.5936942927605235
BERT-large,64,memory,340.0,23618.548428144695,205.175252187618,1.3548673449324968,277.9852491772935,0.012775057407044738,0.0002779852491772935,9.32524236224592,6.421462650656422
BERT-large,64,memory,340.0,23791.858328852475,214.63268008561562,1.3449979214609513,288.6805085927463,0.013266567490475474,0.0002886805085927463,9.393669803195294,10.544843439772354
ViT-base,1,memory,87.0,1973.3798854986571,3.1516726810988054,16.215833674575972,51.10699999340315,0.009178699711458899,5.110699999340314e-05,1.0148611318384928,4.812450290552569
ViT-base,1,memory,87.0,1953.7395809388665,3.1977914040988815,16.37884614316021,52.37613340565584,0.009406633154751409,5.237613340565584e-05,1.0047606023552074,6.185250352645123
ViT-base,1,memory,87.0,1946.3672882727412,3.162776875857433,16.440884612481163,51.99884967099572,0.009338873863325381,5.199884967099571e-05,1.0009692120940779,5.146644301719951
ViT-base,1,memory,87.0,1878.2595410947251,3.049064656542482,17.037049087129414,51.94706422334565,0.009329573315974435,5.194706422334566e-05,0.9659430593011069,1.6091707480588333
ViT-base,1,memory,87.0,1996.6554721690707,3.1339001102697526,16.026801041061297,50.226393549853384,0.00902054481857999,5.022639354985339e-05,1.026831198223644,4.272634913632491
ViT-base,2,memory,87.0,4673.307321733169,6.524413907303809,6.847399025350701,44.675265429856665,0.008023574969442648,4.4675265429856664e-05,2.4033679439094837,8.037716716849456
ViT-base,2,memory,87.0,4823.065943524473,6.667449391981543,6.6347838438667255,44.237085505718156,0.007944878862377542,4.4237085505718164e-05,2.4803851495324603,10.010565551262161
ViT-base,2,memory,87.0,4604.60179763568,6.257405180871533,6.949569453851798,43.486271905358784,0.0078100344657612755,4.3486271905358794e-05,2.3680343690304047,4.11360897099014
ViT-base,2,memory,87.0,4715.343748303094,6.508588415839895,6.786355716169327,44.169596200028536,0.007932757938223517,4.416959620002853e-05,2.4249862525588695,7.814112421091913
ViT-base,2,memory,87.0,4658.491460740132,6.151933531760811,6.869176485495993,42.25871715670568,0.007589568454868118,4.2258717156705685e-05,2.3957485080537486,2.469687472668849
ViT-base,4,memory,87.0,7415.823732369198,13.128586124497883,4.31509716989682,56.65112483056746,0.010174411787099042,5.665112483056747e-05,3.8137772264994956,8.596402642261271
ViT-base,4,memory,87.0,7445.981884252074,12.656482590332049,4.297619910636446,54.392751578834556,0.009768813142750458,5.439275157883456e-05,3.8292868282639216,5.186927613154686
ViT-base,4,memory,87.0,7381.057603860046,12.878322628214983,4.335422065161105,55.8329640846268,0.0100274719979574,5.583296408462679e-05,3.7958978547740028,6.820163258611607
ViT-base,4,memory,87.0,7387.185128870217,12.67992484836932,4.331825917688085,54.92722709250337,0.009864803716326037,5.4927227092503376e-05,3.7990490913974675,5.362215127456059
ViT-base,4,memory,87.0,7321.633025239603,12.579904460418968,4.370609656300384,54.98185191004341,0.009874614207981934,5.498185191004341e-05,3.7653372437325414,4.609768398826571
ViT-base,8,memory,87.0,10365.80842691277,25.064443011923725,3.087072294035295,77.3757475875363,0.013896506391439708,7.737574758753629e-05,5.330882386033543,4.246824920136247
ViT-base,8,memory,87.0,9924.703623906518,26.47851407312932,3.224277642197672,85.37408092460728,0.015332988671804468,8.537408092460727e-05,5.104032947196175,9.360472669591912
ViT-base,8,memory,87.0,9833.807876161332,25.32118674275776,3.254080250802229,82.39717370648324,0.014798342978894262,8.239717370648324e-05,5.057287481655628,5.217712566871059
ViT-base,8,memory,87.0,10533.99977051956,26.723786409870392,3.037782485011549,81.18105028909395,0.01457993000881716,8.118105028909394e-05,5.417379090795024,10.192367084869254
ViT-base,8,memory,87.0,10133.852345882027,25.691681401142276,3.1577330029880946,81.12747026264239,0.014570307159238936,8.112747026264237e-05,5.2115930324420034,6.58454919601744
ViT-base,16,memory,87.0,12766.996931888463,54.114574192845055,2.5064625746147677,135.63615495558028,0.024359941622769447,0.00013563615495558028,6.565755053898723,11.29931129284117
ViT-base,16,memory,87.0,12635.616118978489,53.38654882420557,2.532523914835979,135.2027116278592,0.024282096197532185,0.00013520271162785922,6.498189107031891,10.089711627441437
ViT-base,16,memory,87.0,13019.77606273505,50.89405154389593,2.4577995693481838,125.08737796697169,0.022465405525677388,0.00012508737796697168,6.695753194004065,5.68642396528368
ViT-base,16,memory,87.0,12602.361857110123,51.4344735982991,2.53920656800899,130.60275318288606,0.023455954235432123,0.00013060275318288608,6.481087251435722,6.677376782587846
ViT-base,16,memory,87.0,12839.111019998141,50.62014974840928,2.492384398745127,126.16487149507736,0.022658920886328548,0.00012616487149507736,6.602841570092738,5.176100350219963
ViT-base,32,memory,87.0,15398.204109536597,105.15660780637889,2.0781644256930836,218.5327214697762,0.03924797440189946,0.00021853272146977622,7.918920713502467,8.7075914651399
ViT-base,32,memory,87.0,15163.73511131575,106.43397798640538,2.110298008049507,224.60741173349638,0.040338974808458404,0.00022460741173349638,7.798339027906073,9.803239702022688
ViT-base,32,memory,87.0,14997.063579593423,106.15724681429337,2.1337510393396317,226.51313572343236,0.04068123845607621,0.00022651313572343227,7.712623925318903,9.568114395489172
ViT-base,32,memory,87.0,15160.80484146811,103.96041288178087,2.1107058849852756,219.42985527507395,0.03940909757095437,0.00021942985527507395,7.796832061611332,7.657157817209802
ViT-base,32,memory,87.0,15383.412334504454,103.86041223932719,2.080162665095125,216.0465519216372,0.03880146406638599,0.00021604655192163715,7.91131366446881,7.568246716770503
ViT-base,64,memory,87.0,17984.9077025072,218.85028488220198,1.7792696259174583,389.3936645142847,0.06993420698891607,0.0003893936645142847,9.249199265231745,12.268791377929606
ViT-base,64,memory,87.0,18385.08160021111,207.67974373833732,1.740541635650535,361.47524085780964,0.06492012228049741,0.0003614752408578096,9.454998938036958,7.549962965137687
ViT-base,64,memory,87.0,18471.45022507116,212.57735042973295,1.7324032282298356,368.26968813301437,0.06614038939170516,0.00036826968813301434,9.49941621472297,9.679935509655698
ViT-base,64,memory,87.0,17732.284288882725,201.6267643916994,1.8046180333383461,363.85929502492263,0.06534829292832663,0.00036385929502492264,9.119281206694804,4.77454688158241
ViT-base,64,memory,87.0,17903.281548222858,208.76704183694432,1.7873818223663265,373.14641568854466,0.06701623844981046,0.00037314641568854466,9.207220925463831,8.031460181363334
DLRM,1,io,4700.0,1144.0668796419536,3.2493500148317933,27.970392788588285,90.88559622245042,0.00030214626403740163,9.088559622245043e-05,1.0384963753550576,7.673842882226439
DLRM,1,io,4700.0,1097.283234122162,2.976610103809819,29.162935334194124,86.80668797251462,0.000288586063738413,8.68066879725146e-05,0.9960297615908302,-0.7857897196627766
DLRM,1,io,4700.0,1098.6969135692482,3.0700934390238834,29.1254117534964,89.4177355332784,0.00029726640802286704,8.941773553327841e-05,0.9973129916255747,2.2831044206318745
DLRM,1,io,4700.0,1094.5252361951568,3.2769807508615085,29.236420451336503,95.80718704312346,0.00031850793564868173,9.580718704312345e-05,0.9935262621001991,8.452315467177861
DLRM,1,io,4700.0,1065.9643562911574,2.916210145050932,30.019765493227734,87.54394468340061,0.0002910370501442839,8.754394468340061e-05,0.9676008806517501,-2.873244751969151
DLRM,2,io,4700.0,2203.753941825975,6.132632667826483,14.520677373575385,89.04998042015725,0.0002960438178861611,8.904998042015726e-05,2.0003992087218982,2.162736218040767
DLRM,2,io,4700.0,2339.3492341241567,6.478797779387825,13.67901787950899,88.6235906619692,0.0002946262987432487,8.862359066196919e-05,2.12348224003117,7.390225713034461
DLRM,2,io,4700.0,2147.6083677403185,6.154027350831454,14.900295827059905,91.69682805520642,0.00030484317837502136,9.169682805520643e-05,1.9494345525311423,2.5028707552078653
DLRM,2,io,4700.0,2261.9927087734304,6.182234750622711,14.14681836766488,87.45895212332546,0.0002907544950908426,8.745895212332547e-05,2.0532639052324804,2.9477164483984555
DLRM,2,io,4700.0,2188.261836979153,6.091384590767724,14.623478534074922,89.07723180588657,0.0002961344142482931,8.907723180588657e-05,1.9863366613163829,1.5002269091042009
DLRM,4,io,4700.0,4561.471105834474,12.989946231495797,7.015280653443037,91.12811848707776,0.00030295252156608296,9.112811848707775e-05,4.140554450084629,7.620864735340817
DLRM,4,io,4700.0,4453.481861194972,12.607774193371034,7.185389094952698,90.59176320067428,0.0003011694255341565,9.059176320067428e-05,4.04253007657025,4.820630382883855
DLRM,4,io,4700.0,4346.08043585812,12.852968225208187,7.362956225103023,94.63584240484796,0.00031461383778207434,9.463584240484798e-05,3.945039280441973,6.636352088191449
DLRM,4,io,4700.0,4375.386181540904,12.911538143841067,7.313640138784363,94.43034362224138,0.0003139306636377705,9.443034362224138e-05,3.9716407940511886,7.059872601436569
DLRM,4,io,4700.0,4440.625052053814,12.166609320243492,7.206192737484066,87.6749317233446,0.00029147251237814027,8.767493172334461e-05,4.030859648967361,1.3693981277616725
DLRM,8,io,4700.0,8925.894507325136,26.78512768451054,3.5850748598629343,96.02668787995744,0.0003192376591753904,9.602668787995744e-05,8.102244071220513,10.398037736893603
DLRM,8,io,4700.0,8905.775748109223,25.49401107449824,3.5931737902555976,91.60441240137301,0.00030453594548328795,9.160441240137303e-05,8.08398180098601,5.86024329452302
DLRM,8,io,4700.0,8684.986687947325,24.744068702532616,3.6845191765703356,91.1699956408553,0.0003030917408273115,9.116999564085528e-05,7.883566385789356,3.0070588288354467
DLRM,8,io,4700.0,8695.630806651598,24.932420287350915,3.680009042647264,91.75153211253347,0.00030502504026773094,9.175153211253346e-05,7.893228302317082,3.739790508119921
DLRM,8,io,4700.0,8888.27935352374,24.671228887710843,3.6002468787520354,88.82251479795801,0.00029528761568470085,8.882251479795802e-05,8.068099912713452,2.720694987533407
DLRM,16,io,4700.0,14562.8120162676,48.01924490762657,2.1973778116653526,105.5164232929431,0.0003507859816919651,0.0001055164232929431,13.219006478540832,0.04007748906421304
DLRM,16,io,4700.0,14280.599973608543,49.85060903228277,2.2408022113313186,111.70535495575223,0.0003713608874858784,0.00011170535495575225,12.962835979597013,3.7123097755622854
DLRM,16,io,4700.0,13973.72570304751,51.463633927998025,2.290012032583491,117.85234093558748,0.0003917963461954371,0.00011785234093558747,12.684278997187823,6.730255257224822
DLRM,16,io,4700.0,15291.567328566942,48.66739841955915,2.0926566461385026,101.84415475296092,0.00033857764213085414,0.0001018441547529609,13.880514790520339,1.3713459959489536
DLRM,16,io,4700.0,14120.938256624593,50.21651714284143,2.266138369735294,113.79757629186314,0.00037831641054475776,0.00011379757629186313,12.817907289394315,4.4139204965898475
DLRM,32,io,4700.0,14815.842651047798,101.26351996993718,2.159850151873536,218.71402898631766,0.0007271078091300454,0.00021871402898631764,13.448688328220165,5.197844170832495
DLRM,32,io,4700.0,15057.771654766748,108.95576105924002,2.1251484438515806,231.5471660637086,0.000769771163775627,0.0002315471660637086,13.668292966660548,11.890845360802793
DLRM,32,io,4700.0,14708.632182543539,105.89354628784601,2.175593189282288,230.38127809278646,0.0007658952064254869,0.0002303812780927865,13.351370868093502,9.342917141477907
DLRM,32,io,4700.0,14338.121562307546,103.8141746331376,2.2318125746766224,231.69378037591127,0.0007702585783773646,0.00023169378037591132,13.01504967656836,7.527078706498047
DLRM,32,io,4700.0,14545.922091789562,104.14431952570783,2.1999292858898496,229.11013848367477,0.0007616693433632805,0.00022911013848367476,13.20367509742791,7.820224437394705
DLRM,64,io,4700.0,14897.55734597031,201.76524521894066,2.1480031428545425,433.392380849102,0.0014407991384611104,0.000433392380849102,13.522862675891894,4.8399045179184075
DLRM,64,io,4700.0,14649.714313067594,203.61915058298797,2.1843429377633594,444.77405356932377,0.0014786371461746135,0.0004447740535693238,13.297889734268912,5.706315221196454
DLRM,64,io,4700.0,15292.373687425139,205.25269733467897,2.0925463014491648,429.50077267014734,0.0014278616112704367,0.00042950077267014735,13.881246741393468,6.456771339316195
DLRM,64,io,4700.0,14711.787761459775,196.94239028250053,2.175126539266007,428.3746198099507,0.0014241177520277616,0.0004283746198099507,13.354235261185348,2.5095614384546674
DLRM,64,io,4700.0,14783.249998963858,203.08239112627842,2.164611976543916,439.59457605711816,0.0014614181384877598,0.00043959457605711815,13.419103212476779,5.457091116968036
NCF,1,io,600.0,805.7685333940835,3.062650369289673,39.713638189876434,121.62898866806152,0.0031674215798974353,0.00012162898866806153,0.9665406402390974,2.045625903560248
NCF,1,io,600.0,834.4534204787519,3.0931232963501123,38.34845566531516,118.61650159743576,0.003088971395766556,0.00011861650159743575,1.0009489200104815,3.010655813817634
NCF,1,io,600.0,822.7851173360474,3.0227638897162055,38.89229317079437,117.56221938493339,0.0030615161298159737,0.00011756221938493338,0.9869524821717534,0.7530819656027673
NCF,1,io,600.0,843.2051816322984,3.07762909229269,37.950430923649655,116.79735027566831,0.0030415976634288622,0.00011679735027566832,1.0114468886925514,2.522366729866718
NCF,1,io,600.0,815.3251702865878,3.1934705358126676,39.24814437993122,125.3377926626319,0.003264005017256039,0.00012533779266263187,0.9780040786308968,6.058315980780879
NCF,2,io,600.0,1701.4936404338594,6.275095097119815,18.807005350804843,118.0157470683416,0.0030733267465713958,0.00011801574706834158,2.0409865667754685,4.383919173529015
NCF,2,io,600.0,1679.711857051712,6.4986822124301975,19.050886534889084,123.80565745530966,0.003224105662898689,0.00012380565745530965,2.0148587422412314,7.673589754494459
NCF,2,io,600.0,1683.5042901357244,6.276055247619819,19.00797056918706,119.29507343734953,0.0031066425374309775,0.00011929507343734952,2.019407865902893,4.398547124398126
NCF,2,io,600.0,1678.1710151548539,6.0646631919465674,19.068378437609464,115.64329284067773,0.0030115440843926492,0.00011564329284067771,2.013010461684502,1.0662289050517342
NCF,2,io,600.0,1738.0630424381977,6.458553511526036,18.4112999463527,118.91036592027534,0.0030966241125071703,0.00011891036592027535,2.084852530463017,7.099941352312002
NCF,4,io,600.0,3302.728621104604,12.535375684503432,9.688958334486937,121.45473271429442,0.0031628836644347507,0.00012145473271429442,3.9617102228254804,4.2709185426750125
NCF,4,io,600.0,3334.6009705650977,12.75053388489196,9.596350592609923,122.35859340237587,0.0031864217031868716,0.00012235859340237586,3.9999419479137113,5.886293794970132
NCF,4,io,600.0,3483.514452880069,12.593695751757169,9.186125228659042,115.68726626727273,0.0030126892257102272,0.00011568726626727275,4.178567603510705,4.71422975002657
NCF,4,io,600.0,3206.1051713084416,12.57650046152468,9.98095766987597,125.52551874165341,0.0032688937172305576,0.00012552551874165342,3.845807842479712,4.5839497504760445
NCF,4,io,600.0,3362.2060519202037,12.105925350802666,9.517560644959383,115.21887868961558,0.003000491632542072,0.00011521887868961558,4.0330549721893405,0.8749876422758781
NCF,8,io,600.0,6571.801747225011,25.976394637225596,4.869288702068991,126.48656492752811,0.0032939209616543778,0.0001264865649275281,7.883049790405132,7.608425514113934
NCF,8,io,600.0,6443.944909379608,25.97788977233841,4.965902168626827,129.003659156804,0.0033594702905417706,0.00012900365915680397,7.7296821360621415,7.6137430317550026
NCF,8,io,600.0,6563.843158326505,26.529411623479607,4.875192662001177,129.3359928739965,0.003368124814426992,0.0001293359928739965,7.873503252794684,9.534367589370037
NCF,8,io,600.0,6773.660899939746,25.609355757607776,4.724180981702915,120.98323142375469,0.003150604984993612,0.00012098323142375469,8.125185176210277,6.28424929092441
NCF,8,io,600.0,6649.853467812683,25.269985524520038,4.812136110199983,121.60260984677372,0.003166734631426399,0.00012160260984677375,7.976674890991774,5.0256677958431855
NCF,16,io,600.0,10822.071733230596,51.05420534273128,2.9569199677118925,150.9631992135853,0.003931333312853784,0.0001509631992135853,12.981360909801621,5.982279661838111
NCF,16,io,600.0,11159.80655302865,50.19579008105444,2.8674332165117637,143.93307580746722,0.0037482571824861257,0.00014393307580746722,13.386482747438578,4.374450681040688
NCF,16,io,600.0,11136.099124903445,49.76061309311042,2.873537640163333,142.98899472065716,0.0037236717375171134,0.00014298899472065714,13.358045061169001,3.5381659985097462
NCF,16,io,600.0,11262.977461093831,50.271765683822615,2.8411670102811555,142.83048220946105,0.0037195438075380482,0.0001428304822094611,13.510238976929609,4.5189693517243334
NCF,16,io,600.0,11516.384851604393,49.53974030176522,2.7786497596545634,137.65358748284942,0.0035847288406992035,0.00013765358748284943,13.8142078356212,3.10809118575528
NCF,32,io,600.0,11312.390780005457,98.89303464070736,2.828756592864498,279.7443237282781,0.007285008430423909,0.0002797443237282782,13.569511558220423,2.925418004633155
NCF,32,io,600.0,11335.324058874825,104.71388347931018,2.8230335395613215,295.61080511980884,0.007698198049995022,0.0002956108051198088,13.597020632008418,8.321612368652062
NCF,32,io,600.0,10873.850510129272,97.27727675196863,2.942839794439989,286.2714411204453,0.007454985445844929,0.0002862714411204453,13.043470920431643,1.3130268389660484
NCF,32,io,600.0,11105.156151827447,100.48921605987212,2.88154435313673,289.5641330884613,0.007540732632512013,0.0002895641330884613,13.320928147603516,4.467361012347252
NCF,32,io,600.0,11472.535085092868,101.8816383373198,2.789270179838458,284.1754156873727,0.007400401450191998,0.0002841754156873727,13.761608882395938,5.77301114637192
NCF,64,io,600.0,10766.609998721993,189.79030079788419,2.9721518661675708,564.0855966969361,0.014689729080649378,0.0005640855966969362,12.914833094232906,-1.1642845776766104
NCF,64,io,600.0,11156.032829043488,196.4289599889259,2.8684031761444415,563.4374527189844,0.014672850331223553,0.0005634374527189843,13.38195606583519,2.254738806933351
NCF,64,io,600.0,11338.239723908557,195.2296709587917,2.8223075873517383,550.9981816231812,0.014348910979770342,0.0005509981816231811,13.600518049233877,1.6542930912757656
NCF,64,io,600.0,10812.03185822553,203.09382611447214,2.9596657149743026,601.0898340739559,0.015653381095675933,0.0006010898340739559,12.969317814529035,5.462414257841197
NCF,64,io,600.0,11071.053956310718,206.10293914246984,2.890420381499394,595.724135984324,0.01551364937459177,0.000595724135984324,13.28002166326929,6.842667650033413
DeepFM,1,io,300.0,739.7139569057562,3.0793632791292374,43.25996515444548,133.2131481530098,0.006938184799635927,0.00013321314815300977,0.9948142178429188,2.5772626330622215
DeepFM,1,io,300.0,731.8013130902675,3.0815155150865317,43.72771601743875,134.74763534703536,0.007018106007658092,0.00013474763534703535,0.9841727928773794,2.645306008924723
DeepFM,1,io,300.0,735.9589245624294,3.1366983593746354,43.48068748405473,136.3858010957157,0.007103427140401859,0.00013638580109571569,0.989764212325614,4.3580333112390495
DeepFM,1,io,300.0,723.966701689989,3.1659602177078874,44.20092792292921,139.93837938976762,0.00728845725988373,0.0001399383793897676,0.9736363108500917,5.242018417655303
DeepFM,1,io,300.0,748.4767487093236,3.280192266236916,42.753499096907056,140.2396970922415,0.0073041508902209114,0.00014023969709224153,1.0065989757115565,8.541946431644895
DeepFM,2,io,300.0,1496.0155255380512,6.386301404926901,21.390152343834135,136.60395996502837,0.007114789581511894,0.0001366039599650284,2.0119365073824236,6.0489065647430555
DeepFM,2,io,300.0,1455.1466044198532,6.30853369353318,21.990911364396823,138.73040529379907,0.007225541942385368,0.00013873040529379906,1.9569733916851704,4.890735446962184
DeepFM,2,io,300.0,1471.3870409225026,6.41775119214881,21.74818664974597,139.57445079848205,0.007269502645754274,0.00013957445079848204,1.9788145601341105,6.509308005892592
DeepFM,2,io,300.0,1567.0455802961258,6.359896654027409,20.420592995101607,129.87286106280226,0.006764211513687618,0.00012987286106280226,2.1074622274365287,5.6588443744522845
DeepFM,2,io,300.0,1471.8240525400286,6.4023774862572065,21.74172921333592,139.1987576277625,0.0072499352931126295,0.0001391987576277625,1.97940228105842,6.284813526239517
DeepFM,4,io,300.0,2995.4187374934354,12.571845739630023,10.682980512693721,134.30478304505908,0.006995040783596827,0.0001343047830450591,4.028428990195747,4.548621988157258
DeepFM,4,io,300.0,2968.08181245445,12.86590160525439,10.781373972147236,138.71209669509702,0.007224588369536303,0.000138712096695097,3.9916645605848102,6.7302054051210725
DeepFM,4,io,300.0,2945.1117309362553,12.35130868869649,10.865462136415161,134.2026768922073,0.006989722754802464,0.0001342026768922073,3.960772938943795,2.844303365342943
DeepFM,4,io,300.0,3049.0023116546517,12.121419133516596,10.495236385253522,127.21715913099159,0.006625893704739145,0.0001272171591309916,4.100491577254936,1.001690744121402
DeepFM,4,io,300.0,3136.2008086569053,12.112571936659117,10.203428272727272,123.58975895395058,0.006436966612184926,0.00012358975895395056,4.217761643315656,0.9293809543323701
DeepFM,8,io,300.0,5762.3907593430295,24.347313419420953,5.553250610107587,135.20673310088003,0.007042017349004168,0.00013520673310088004,7.749628356534381,1.4264958660445621
DeepFM,8,io,300.0,5801.399678874306,25.15723029885627,5.515910258092962,138.76502467066837,0.007227345034930644,0.00013876502467066837,7.802090024196748,4.599990877806931
DeepFM,8,io,300.0,5907.249101257225,24.546883237974527,5.4170730659029624,132.9722600402967,0.006925638543765453,0.00013297226004029672,7.944443036944356,2.2279131434840864
DeepFM,8,io,300.0,6033.384206018141,23.831813342632426,5.30382268181775,126.39971215550074,0.00658331834143233,0.00012639971215550074,8.114077521211971,-0.7057232907523119
DeepFM,8,io,300.0,5886.560706904361,25.481810186033517,5.43611143982039,138.52195985962857,0.007214685409355655,0.00013852195985962856,7.916619972833653,5.815168448455405
DeepFM,16,io,300.0,9866.84824937397,49.39920440027069,3.243183556819203,160.21068743090873,0.008344306637026497,0.0001602106874309087,13.26956296030293,2.8324431886255708
DeepFM,16,io,300.0,9582.888033724774,51.45254533546334,3.3392855981811898,171.8147436284775,0.008948684563983202,0.00017181474362847749,12.887675262778314,6.7101545957604865
DeepFM,16,io,300.0,9715.235289253102,50.593389052644994,3.2937956773314676,166.64428616315126,0.008679389904330795,0.00016664428616315128,13.065664241170463,5.1259445180603365
DeepFM,16,io,300.0,9846.13058702613,50.702464141778336,3.250007677347402,164.78339772121095,0.00858246863131307,0.00016478339772121092,13.241700534737358,5.330044974188013
DeepFM,16,io,300.0,10163.05996716982,51.33561073472277,3.1486579931015863,161.63828107063645,0.008418660472428981,0.00016163828107063644,13.667927254506086,6.497654721514016
DeepFM,32,io,300.0,10095.943102927713,104.49885418066002,3.1695899703238575,331.2185201213553,0.017250964589653923,0.00033121852012135526,13.577664241105099,8.132963990176394
DeepFM,32,io,300.0,9950.464275683442,101.99763350566042,3.215930343893637,328.0172845961957,0.017084233572718526,0.0003280172845961956,13.382015092692244,5.880169274052397
DeepFM,32,io,300.0,10152.456267214351,104.69661103745217,3.151946598710168,329.99812705597884,0.01718740245083223,0.0003299981270559788,13.65366672666426,8.306487622929085
DeepFM,32,io,300.0,9589.957174548797,101.95849731787189,3.336824077267643,340.21756873230333,0.0177196650381408,0.0003402175687323033,12.897182291453412,5.844041913736058
DeepFM,32,io,300.0,10032.376254509696,100.1073512525926,3.189673033406771,319.3097187361741,0.016630714517509068,0.00031930971873617413,13.492175514010869,4.102946687929895
DeepFM,64,io,300.0,9990.855523567387,197.75661942312038,3.202928910794009,633.4003936512004,0.03298960383600002,0.0006334003936512004,13.436335803145576,2.9109616860933043
DeepFM,64,io,300.0,10026.606873373641,192.7764733286648,3.191508394028916,615.2477327997251,0.032044152749985684,0.0006152477327997251,13.48441648455263,0.40278427925226246
DeepFM,64,io,300.0,9915.975534476092,194.1092369569367,3.2271156669095906,626.4129596755967,0.032625674983103994,0.0006264129596755965,13.335632447362562,1.0866236918981078
DeepFM,64,io,300.0,9688.074164706175,209.5338457935009,3.303030040436371,692.0965871440956,0.03604669724708831,0.0006920965871440956,13.029136239204796,8.368025569855089
DeepFM,64,io,300.0,10292.229259086243,200.4398222620234,3.1091417801201406,623.195825794712,0.03245811592680792,0.000623195825794712,13.841642305989874,4.210651439807458
CosmoFlow,1,communication,1300.0,2760.184212798752,3.452996290719967,11.59342910941182,40.03206771152391,0.00048115465999427773,4.003206771152391e-05,0.9847778651375209,13.118933603763441
CosmoFlow,1,communication,1300.0,2887.637103370723,3.380384571222242,11.081724903259685,37.46049188550833,0.0004502462967008213,3.7460491885508335e-05,1.0302504770382335,11.252701082016435
CosmoFlow,1,communication,1300.0,2788.3813803723606,3.2336925704924133,11.47619196758756,37.1104767031326,0.00044603938345111295,3.7110476703132604e-05,0.9948380438593994,7.226802344318947
CosmoFlow,1,communication,1300.0,2776.8571069837453,3.1221706298203316,11.523819471848437,35.97933069835683,0.0004324438785860196,3.597933069835684e-05,0.9907264163483521,3.913002981113879
CosmoFlow,1,communication,1300.0,2857.3186379937983,3.342627867142807,11.199310981455003,37.43512897940996,0.00044994145407944666,3.743512897940995e-05,1.019433462192018,10.25025461286771
CosmoFlow,2,communication,1300.0,5494.613133650028,6.5791300391935446,5.823885908186342,38.316102723384745,0.0004605300808099128,3.831610272338474e-05,1.9603667633566666,8.802532185008051
CosmoFlow,2,communication,1300.0,5763.864761974317,6.628633554661785,5.551830468180333,36.801049731173805,0.00044232030926891593,3.6801049731173805e-05,2.0564302950936066,9.483606982915497
CosmoFlow,2,communication,1300.0,5612.416788546566,6.572380834463349,5.701643553148689,37.47337281365596,0.00045040111554874956,3.747337281365596e-05,2.002396723254444,8.708881132724033
CosmoFlow,2,communication,1300.0,5608.285428695946,6.7237512685192895,5.705843685534516,38.36467371858548,0.0004611138668099216,3.836467371858548e-05,2.0009227376722705,10.764099378689163
CosmoFlow,2,communication,1300.0,5678.438091822785,6.572767811563102,5.635352447723519,37.039863175210485,0.00044519066316358756,3.7039863175210476e-05,2.0259517880912314,8.714255972277973
CosmoFlow,4,communication,1300.0,11109.133596264954,12.958850481935556,2.8805126630900224,37.32813291230561,0.00044865544365751937,3.732813291230561e-05,3.963514034943493,7.399193958385272
CosmoFlow,4,communication,1300.0,11443.841426230492,14.102556475449624,2.796263842546142,39.43446875976474,0.0004739719802856339,3.9434468759764744e-05,4.082931014690673,14.909044889200414
CosmoFlow,4,communication,1300.0,10814.40985802676,14.282487923807063,2.959014908820817,42.26209470159837,0.0005079578690095958,4.226209470159838e-05,3.8583625699065762,15.981024706504039
CosmoFlow,4,communication,1300.0,10998.61651715592,13.10068357503461,2.90945683487424,38.11587336890914,0.0004581234779916964,3.811587336890914e-05,3.924083777817331,8.401726281918096
CosmoFlow,4,communication,1300.0,11322.405648924243,12.57482542774465,2.8262545074103014,35.53965704506099,0.00042715933948390614,3.5539657045060984e-05,4.039605187025821,4.571239823945188
CosmoFlow,8,communication,1300.0,21931.094583025115,25.55551991443092,1.4591154982646566,37.28845517335723,0.00044817854775669745,3.728845517335722e-05,7.824570694758625,6.086825545476519
CosmoFlow,8,communication,1300.0,21861.421459242607,26.626307761028706,1.46376575099013,38.974677375916514,0.0004684456415374581,3.897467737591651e-05,7.799712734272564,9.86358223077655
CosmoFlow,8,communication,1300.0,22295.43922303357,27.856680006732116,1.4352711188995364,39.98188828208875,0.0004805515418520282,3.998188828208875e-05,7.954561488524528,13.844722363900054
CosmoFlow,8,communication,1300.0,22455.93592469719,26.09591361205877,1.425012972396585,37.187015423724375,0.0004469593199966872,3.7187015423724365e-05,8.01182346346556,8.03157782945089
CosmoFlow,8,communication,1300.0,22429.905631728398,26.59075687577247,1.4266667245685667,37.936148015757404,0.00045596331749708416,3.7936148015757404e-05,8.002536381748389,9.743073083162129
CosmoFlow,16,communication,1300.0,44698.378596628056,58.21550104718037,0.715909637098425,41.67703822818988,0.0005009259402426669,4.167703822818988e-05,15.947476855127361,17.54773361634607
CosmoFlow,16,communication,1300.0,43092.93968154559,51.93382227161841,0.7425810408033939,38.565071795356886,0.0004635224975403472,3.856507179535688e-05,15.374688741901934,7.574682739591509
CosmoFlow,16,communication,1300.0,45081.72382635135,54.720994320454004,0.7098220139775407,38.84216639539824,0.0004668529614831519,3.884216639539823e-05,16.084246674760077,12.2822956781357
CosmoFlow,16,communication,1300.0,45404.477499868364,56.0234623277188,0.7047763075809599,39.48400891723067,0.00047456741487056093,3.9484008917230666e-05,16.199398653420623,14.32161097217482
CosmoFlow,16,communication,1300.0,44386.769387091124,54.878543433865424,0.7209355499818482,39.563892892696515,0.0004755275588064485,3.956389289269651e-05,15.83630099566767,12.534121723100782
CosmoFlow,32,communication,1300.0,65046.17687899823,108.52369499696688,0.4919581985506667,53.389121490769824,0.0006416961717640604,5.338912149076982e-05,23.20715947335499,11.54005583510302
CosmoFlow,32,communication,1300.0,67499.03301060524,108.90509995258398,0.4740808656469531,51.629824058888964,0.0006205507699385693,5.162982405888897e-05,24.082288898982767,11.849858232720702
CosmoFlow,32,communication,1300.0,64239.877014546226,104.85331021794336,0.49813295864115753,52.23088964218324,0.0006277751158916255,5.223088964218324e-05,22.91948800001858,8.443519999074201
CosmoFlow,32,communication,1300.0,64765.686244060365,114.42220951499714,0.4940887969504794,56.53473184368064,0.0006795039885057769,5.653473184368063e-05,23.107086091518966,16.100204316175667
CosmoFlow,32,communication,1300.0,63600.23929910304,101.56699100135737,0.5031427609809528,51.102696276950525,0.0006142150994825784,5.110269627695053e-05,22.691278208456563,5.4811026165803876
CosmoFlow,64,communication,1300.0,44430.42309749506,221.50472065050334,0.7202272175032275,159.5337286179417,0.0019174726997348763,0.0001595337286179417,15.851875756054163,13.320131762364
CosmoFlow,64,communication,1300.0,43172.36695847956,210.73131123602374,0.7412148615982896,156.19717969223544,0.0018773699482239835,0.00015619717969223547,15.403026786823004,8.888717640561852
CosmoFlow,64,communication,1300.0,44454.7728929981,218.06716350261414,0.7198327180081082,156.97187901240525,0.001886681238129871,0.0001569718790124053,15.860563270286304,11.95373163199862
CosmoFlow,64,communication,1300.0,44189.46595205741,218.70954619167483,0.7241544859292447,158.37949899025065,0.0019035997474789743,0.0001583794989902507,15.765907123173275,12.212336707180972
CosmoFlow,64,communication,1300.0,46250.88776135769,210.43189322991432,0.6918786113925317,145.5933260806146,0.0017499197846227714,0.00014559332608061462,16.50138070464567,8.75907779329626
DeepCAM,1,communication,1400.0,2854.7739229212175,3.2104453276713074,11.209293927995256,35.986825317626725,0.0004016386754199411,3.5986825317626724e-05,1.008114855301271,6.555019824117474
DeepCAM,1,communication,1400.0,2884.906210080576,3.373776328887476,11.092215021820843,37.422652475549235,0.0004176635320931834,3.742265247554923e-05,1.0187555600049447,11.078871046876156
DeepCAM,1,communication,1400.0,2791.917371195097,3.3391992386639817,11.461657257536316,38.27275718819277,0.0004271513079039372,3.827275718819277e-05,0.9859181331582884,10.158101221887431
DeepCAM,1,communication,1400.0,2844.356172267477,3.2027555595053356,11.250349134190916,36.032118235906,0.0004021441767400223,3.6032118235906e-05,1.0044360038487843,6.330659825211612
DeepCAM,1,communication,1400.0,2924.463923619656,3.452985318473731,10.942176356339894,37.78317431059204,0.00042168721328785755,3.7783174310592043e-05,1.0327246937217371,13.1186575294782
DeepCAM,2,communication,1400.0,5475.426413650191,7.093732817216887,5.844293682812407,41.45785789121971,0.00046269930682164856,4.145785789121971e-05,1.9335537088910313,15.418297325243719
DeepCAM,2,communication,1400.0,5748.950071840255,6.419807756360247,5.566233764447482,35.73415069471424,0.0003988186461463643,3.5734150694714235e-05,2.030143936538757,6.539257440292257
DeepCAM,2,communication,1400.0,5542.303382170722,6.4439921348704186,5.773772706658787,37.20614591023871,0.00041524716417677134,3.7206145910238714e-05,1.9571701728434814,6.890016709794552
DeepCAM,2,communication,1400.0,5772.3325492299,6.997254486903884,5.543686148898194,38.790582779364804,0.00043293061137683934,3.8790582779364805e-05,2.038401060726765,14.252082567103333
DeepCAM,2,communication,1400.0,5609.290884074876,6.773168857831713,5.7048209232382625,38.63971541678416,0.0004312468238480375,3.8639715416784164e-05,1.9808256697803446,11.41517174693954
DeepCAM,4,communication,1400.0,11683.810540973478,12.712602675992898,2.7388324971361446,34.81768933218926,0.00038859028272532657,3.4817689332189266e-05,4.125938967814368,5.605482167224587
DeepCAM,4,communication,1400.0,11352.342445633092,13.692463158576329,2.8188015075522537,38.59633579349865,0.00043076267626672606,3.859633579349865e-05,4.008886647738134,12.36054564453035
DeepCAM,4,communication,1400.0,11122.769781474044,12.899735065820341,2.876981240167249,37.112295787492755,0.0004141997297711245,3.711229578749275e-05,3.9278169660895768,6.9748336785948055
DeepCAM,4,communication,1400.0,11510.327789114674,13.4125895588854,2.7801119643406182,37.288500705447355,0.0004161663025161535,3.728850070544736e-05,4.064676484686302,10.531818279264398
DeepCAM,4,communication,1400.0,11099.256163023581,13.087659190418277,2.8830760845583354,37.73271721474504,0.0004211240760574223,3.773271721474504e-05,3.919513531666461,8.31057085605173
DeepCAM,8,communication,1400.0,23161.147884942417,26.487885804410748,1.3816240956176409,36.59630126934235,0.000408440862381053,3.659630126934235e-05,8.178965437917244,9.392542020082505
DeepCAM,8,communication,1400.0,23295.459853113756,27.332002508845775,1.3736582236097288,37.54483001399774,0.00041902712069193907,3.7544830013997743e-05,8.226395425024497,12.190846637627084
DeepCAM,8,communication,1400.0,22029.07421206282,26.22414829845196,1.4526257296131508,38.093872555522246,0.0004251548276285965,3.809387255552225e-05,7.779192875276777,8.48129850830372
DeepCAM,8,communication,1400.0,22654.481469893708,27.38685825733114,1.412524053685619,38.68459604335885,0.0004317477236982015,3.868459604335885e-05,8.000044811106216,12.36672795947494
DeepCAM,8,communication,1400.0,22872.39977233156,26.987902068233723,1.39906613728875,37.757859900130825,0.0004214046863853887,3.775785990013082e-05,8.07699895313678,11.071264675110301
DeepCAM,16,communication,1400.0,45790.41414544259,51.73763926413815,0.698836221449307,36.15613633005761,0.00040352830725510726,3.615613633005761e-05,16.1701059267004,7.224216870538371
DeepCAM,16,communication,1400.0,45788.40407626733,52.32009777094504,0.6988668997220188,36.56478452233326,0.0004080891129724694,3.656478452233327e-05,16.169396104959528,8.257052174975337
DeepCAM,16,communication,1400.0,45318.48823525597,53.45124696601961,0.7061135807064561,37.74265138840121,0.00042123494853126345,3.7742651388401205e-05,16.003453318295644,10.198540306244144
DeepCAM,16,communication,1400.0,45361.5193596295,52.33052400948103,0.7054437428848364,36.91624072437309,0.0004120116152273782,3.691624072437309e-05,16.018649027970923,8.275330873232694
DeepCAM,16,communication,1400.0,45743.10397674258,53.797922139931146,0.6995589983633367,37.63482052623901,0.00042003147908748894,3.7634820526239e-05,16.153399145301584,10.777223188751515
DeepCAM,32,communication,1400.0,65088.52890808343,104.57611645579465,0.4916380894886976,51.41360210047443,0.0005738125234427949,5.141360210047443e-05,22.98490692208692,8.200836621638992
DeepCAM,32,communication,1400.0,65779.40689158789,111.25715156410523,0.48647443800671114,54.123760281375574,0.0006040598245689238,5.412376028137557e-05,23.228878731125562,13.713411991600571
DeepCAM,32,communication,1400.0,65057.94662028226,105.4320867331818,0.49186919757507047,51.85879590011536,0.0005787812042423589,5.185879590011537e-05,22.97410730731045,8.94612544002064
DeepCAM,32,communication,1400.0,65574.39692485875,106.36878954798713,0.48799533812973644,51.90747342192076,0.0005793244801553656,5.1907473421920755e-05,23.156482948298397,9.747962341255532
DeepCAM,32,communication,1400.0,65368.39849438809,107.90533557924235,0.48953318020705694,52.82324208741619,0.00058954511258277,5.28232420874162e-05,23.083738106313252,11.033129655112777
DeepCAM,64,communication,1400.0,42357.22230785219,218.44325159684922,0.7554791900050497,165.0293307784569,0.0018418452095809923,0.00016502933077845695,14.957732622886436,12.105318614123135
DeepCAM,64,communication,1400.0,43024.40095692588,214.9137351928569,0.7437639871392279,159.84509657802343,0.0017839854528797258,0.00015984509657802342,15.193335415062275,10.661829115898446
DeepCAM,64,communication,1400.0,45053.0409131497,223.6393468716906,0.7102739205037792,158.84519568146027,0.0017728258446591547,0.00015884519568146028,15.909715111369104,14.147486707624468
DeepCAM,64,communication,1400.0,44074.705343105474,208.13298642235767,0.7260400211616094,151.11287786651752,0.0016865276547602401,0.00015111287786651753,15.564232544882021,7.751287626085141
DeepCAM,64,communication,1400.0,43311.67874400475,218.3931243087564,0.7388307479176035,161.35555537310066,0.001800843251931927,0.00016135555537310063,15.29478267938923,12.085144343391846
ViT-large,1,communication,304.0,2202.017748736952,3.331840247881549,14.532126282067788,48.41872323389071,0.0024886268109524418,4.841872323389071e-05,0.9848595361696865,9.959668627346101
ViT-large,1,communication,304.0,2282.6454154197136,3.158567458081227,14.018822101686832,44.2793952910179,0.0022758735244149827,4.4279395291017896e-05,1.0209205199910818,5.020233386991005
ViT-large,1,communication,304.0,2293.5157768283857,3.4131514550867883,13.95237840667988,47.62158066068091,0.0024476552559971687,4.762158066068092e-05,1.0257823241709447,12.10469152990701
ViT-large,1,communication,304.0,2215.0212631619625,3.407136218191629,14.44681391198914,49.2222629170129,0.0025299271647313375,4.92222629170129e-05,0.9906753999121732,11.949513964772464
ViT-large,1,communication,304.0,2286.483696165328,3.1692358480208904,13.995288946808298,44.35437143363539,0.0022797271501662927,4.435437143363539e-05,1.022637203426982,5.33995752088233
ViT-large,2,communication,304.0,4557.392514155838,6.845851016246359,7.021558906897737,48.068546178419545,0.0024706284014401492,4.806854617841955e-05,2.0383084923857684,12.355673739305917
ViT-large,2,communication,304.0,4440.544454706757,6.74294117854994,7.20632353226001,48.59181569162948,0.0024975234216503637,4.859181569162948e-05,1.986047821145785,11.018058127413603
ViT-large,2,communication,304.0,4437.751541140399,6.731697260872721,7.21085885573863,48.541318807715534,0.0024949279814820897,4.854131880771554e-05,1.9847986815504737,10.86943206916975
ViT-large,2,communication,304.0,4536.2013130763025,6.531604223801829,7.0543606404228685,46.07629175520738,0.0023682304561681426,4.607629175520738e-05,2.0288306593946213,8.138953396236248
ViT-large,2,communication,304.0,4298.38860499604,6.538499517010827,7.444650295882096,48.6768423639396,0.0025018936247913036,4.86768423639396e-05,1.922468159133429,8.235827128377766
ViT-large,4,communication,304.0,9017.796279262559,12.95474894090958,3.548538801390714,45.9704292790929,0.0023627893338349555,4.59704292790929e-05,4.033238454123007,7.369876060620478
ViT-large,4,communication,304.0,8899.21325949107,13.00741811601267,3.5958234808983573,46.77237948742103,0.002404007991746558,4.677237948742103e-05,3.980201816286306,7.744950666054902
ViT-large,4,communication,304.0,8787.654750646216,13.342616126637196,3.6414721456423655,48.586764975147986,0.0024972638247917345,4.8586764975147984e-05,3.930306913604552,10.062615261461339
ViT-large,4,communication,304.0,8745.551175552508,13.33882887645179,3.6590032300598105,48.80681794415217,0.002508574113083479,4.8806817944152174e-05,3.911475953926021,10.0370796330954
ViT-large,4,communication,304.0,9119.647412952723,12.843553654186422,3.508907587211112,45.06684286392774,0.002316346775489707,4.5066842863927746e-05,4.078791701975795,6.567914744619467
ViT-large,8,communication,304.0,18013.772605798426,27.33832200232274,1.7764185604130236,48.564302615473856,0.0024961093038380886,4.856430261547385e-05,8.05671786405394,12.21114449540505
ViT-large,8,communication,304.0,18178.905992429627,27.258595872184436,1.760281945092075,47.98281416236763,0.0024662219450230075,4.7982814162367626e-05,8.130574303520433,11.954379042354173
ViT-large,8,communication,304.0,17899.887024465843,25.53329029404072,1.7877207803748651,45.64639365000045,0.0023461345420436085,4.564639365000045e-05,8.005782170700897,6.005063493123642
ViT-large,8,communication,304.0,17924.318267949664,25.956974862102648,1.7852840772872771,46.340573915857966,0.002381814037616055,4.6340573915857967e-05,8.016709123101407,7.539302528507834
ViT-large,8,communication,304.0,17594.406294813467,27.15591277552068,1.8187598640047922,49.39008422653199,0.00253855284881435,4.9390084226531985e-05,7.869154929668539,11.62145718175061
ViT-large,16,communication,304.0,36287.48512451003,52.431146351992844,0.8818467273276513,46.236234820542016,0.00237645121404924,4.6236234820542015e-05,16.22969469205606,8.45136271147812
ViT-large,16,communication,304.0,35512.17692505834,52.1021481055201,0.9010993628334834,46.94921246013995,0.002413096857531864,4.694921246013994e-05,15.882935600700634,7.873280190314241
ViT-large,16,communication,304.0,35578.85166586145,55.915192338024205,0.8994107033168969,50.29072246684192,0.002584843876790806,5.0290722466841914e-05,15.912756093446095,14.155709758046578
ViT-large,16,communication,304.0,35678.36966845911,54.057378630023315,0.8969019688219971,48.48416932262406,0.002491990610743424,4.848416932262407e-05,15.95726584089708,11.205461277508311
ViT-large,16,communication,304.0,36396.82015825814,51.94502120554179,0.8791976843268124,45.66994235621951,0.0023473448990655585,4.566994235621951e-05,16.278595138333582,7.594608903770964
ViT-large,32,communication,304.0,51638.70931694085,104.63284246278918,0.6196901592484598,64.83994280838485,0.003332645086779649,6.483994280838484e-05,23.095579195696516,8.25060493397119
ViT-large,32,communication,304.0,50182.320159222996,106.99608162190906,0.637674780649191,68.2287028785738,0.003506820666045117,6.822870287857378e-05,22.44420445034068,10.277088146803166
ViT-large,32,communication,304.0,49982.321370622056,103.85294304666391,0.6402263664930243,66.48939237637263,0.0034174235390816527,6.648939237637264e-05,22.354754347457085,7.561598945862682
ViT-large,32,communication,304.0,52750.60810893196,106.35175812801369,0.6066280778018486,64.51596260404406,0.0033159931437111464,6.451596260404406e-05,23.592879514540957,9.733509168276711
ViT-large,32,communication,304.0,51862.57609520374,106.4899899267754,0.6170152431544829,65.70594702818777,0.003377155994458664,6.570594702818774e-05,23.19570433389318,9.850681678145069
ViT-large,64,communication,304.0,34625.96574239967,220.01740691728588,0.9241619493897852,203.33171567636458,0.01045084887316841,0.00020333171567636453,15.486574792618033,12.734177404344576
ViT-large,64,communication,304.0,34374.16647809883,211.07075729759077,0.9309316640561596,196.49245132464,0.010099324184037828,0.00019649245132463998,15.373956760002521,9.03524369825552
ViT-large,64,communication,304.0,35268.299759840185,225.95746748379725,0.9073303850172619,205.0180759695992,0.010537524463897985,0.0002050180759695992,15.773860752436175,15.028256362552938
ViT-large,64,communication,304.0,34234.06368056918,211.99774596333648,0.9347414989521909,198.16309083625492,0.01018519175762001,0.00019816309083625495,15.311295332196016,9.43299933330185
ViT-large,64,communication,304.0,35987.20649882306,214.47295135813707,0.8892048901057807,190.71039714307474,0.009802138011054418,0.00019071039714307471,16.095394108790842,10.478221713194346
